video_id,lang,text,timecode
-g88odXOrHA,English,,0:00 / 7:48
-g88odXOrHA,English,[traffic],0:01 / 7:48
-g88odXOrHA,English,[traffic],0:02 / 7:48
-g88odXOrHA,English,[traffic],0:03 / 7:48
-g88odXOrHA,English,,0:03 / 7:48
-g88odXOrHA,English,,0:04 / 7:48
-g88odXOrHA,English,,0:05 / 7:48
-g88odXOrHA,English,,0:06 / 7:48
-g88odXOrHA,English,,0:07 / 7:48
-g88odXOrHA,English,,0:08 / 7:48
-g88odXOrHA,English,,0:09 / 7:48
-g88odXOrHA,English,,0:10 / 7:48
-g88odXOrHA,English,,0:11 / 7:48
-g88odXOrHA,English,,0:12 / 7:48
-g88odXOrHA,English,,0:13 / 7:48
-g88odXOrHA,English,,0:14 / 7:48
-g88odXOrHA,English,,0:15 / 7:48
-g88odXOrHA,English,>> Oh!,0:16 / 7:48
-g88odXOrHA,English,[music playing on the radio],0:17 / 7:48
-g88odXOrHA,English,[music playing on the radio],0:18 / 7:48
-g88odXOrHA,English,♪♪,0:19 / 7:48
-g88odXOrHA,English,♪♪,0:20 / 7:48
-g88odXOrHA,English,♪♪,0:21 / 7:48
-g88odXOrHA,English,♪♪,0:22 / 7:48
-g88odXOrHA,English,♪♪,0:23 / 7:48
-g88odXOrHA,English,♪♪,0:24 / 7:48
-g88odXOrHA,English,♪♪,0:25 / 7:48
-g88odXOrHA,English,♪♪,0:26 / 7:48
-g88odXOrHA,English,">> The Analogs, they are my friends.",0:27 / 7:48
-g88odXOrHA,English,">> The Analogs, they are my friends.",0:28 / 7:48
-g88odXOrHA,English,">> The Analogs, they are my friends.",0:29 / 7:48
-g88odXOrHA,English,They made one song in Polish for me a long time ago,0:30 / 7:48
-g88odXOrHA,English,They made one song in Polish for me a long time ago,0:31 / 7:48
-g88odXOrHA,English,and I asked them because big moment for me.,0:32 / 7:48
-g88odXOrHA,English,and I asked them because big moment for me.,0:33 / 7:48
-g88odXOrHA,English,and I asked them because big moment for me.,0:34 / 7:48
-g88odXOrHA,English,and I asked them because big moment for me.,0:35 / 7:48
-g88odXOrHA,English,They have to do the same song but in English.,0:36 / 7:48
-g88odXOrHA,English,They have to do the same song but in English.,0:37 / 7:48
-g88odXOrHA,English,They have to do the same song but in English.,0:38 / 7:48
-g88odXOrHA,English,♪♪,0:38 / 7:48
-g88odXOrHA,English,♪♪,0:39 / 7:48
-g88odXOrHA,English,♪♪,0:40 / 7:48
-g88odXOrHA,English,♪♪,0:41 / 7:48
-g88odXOrHA,English,♪♪,0:42 / 7:48
-g88odXOrHA,English,♪♪,0:43 / 7:48
-g88odXOrHA,English,♪♪,0:44 / 7:48
-g88odXOrHA,English,♪♪,0:45 / 7:48
-g88odXOrHA,English,♪♪,0:46 / 7:48
-g88odXOrHA,English,♪♪,0:47 / 7:48
-g88odXOrHA,English,"It was very long time, long journey",0:48 / 7:48
-g88odXOrHA,English,"It was very long time, long journey",0:49 / 7:48
-g88odXOrHA,English,"It was very long time, long journey",0:50 / 7:48
-g88odXOrHA,English,but finally I'm almost on the top.,0:50 / 7:48
-g88odXOrHA,English,but finally I'm almost on the top.,0:51 / 7:48
-g88odXOrHA,English,but finally I'm almost on the top.,0:52 / 7:48
-g88odXOrHA,English,One more step.,0:53 / 7:48
-g88odXOrHA,English,"It's amazing, amazing feeling.",0:54 / 7:48
-g88odXOrHA,English,You work for something all your life,0:55 / 7:48
-g88odXOrHA,English,You work for something all your life,0:56 / 7:48
-g88odXOrHA,English,and finally you are almost there.,0:57 / 7:48
-g88odXOrHA,English,and finally you are almost there.,0:58 / 7:48
-g88odXOrHA,English,and finally you are almost there.,0:59 / 7:48
-g88odXOrHA,English,Amazing feeling.,1:00 / 7:48
-g88odXOrHA,English,[thunking],1:01 / 7:48
-g88odXOrHA,English,[thunking],1:02 / 7:48
-g88odXOrHA,English,,1:03 / 7:48
-g88odXOrHA,English,,1:04 / 7:48
-g88odXOrHA,English,,1:05 / 7:48
-g88odXOrHA,English,,1:06 / 7:48
-g88odXOrHA,English,,1:07 / 7:48
-g88odXOrHA,English,,1:08 / 7:48
-g88odXOrHA,English,,1:09 / 7:48
-g88odXOrHA,English,,1:10 / 7:48
-g88odXOrHA,English,,1:11 / 7:48
-g88odXOrHA,English,,1:12 / 7:48
-g88odXOrHA,English,,1:13 / 7:48
-g88odXOrHA,English,,1:14 / 7:48
-g88odXOrHA,English,"I'm just a really smart fighter, you know,",1:14 / 7:48
-g88odXOrHA,English,"I'm just a really smart fighter, you know,",1:15 / 7:48
-g88odXOrHA,English,because I read the fight.,1:16 / 7:48
-g88odXOrHA,English,because I read the fight.,1:17 / 7:48
-g88odXOrHA,English,I react for everything what's happen in the fight,1:17 / 7:48
-g88odXOrHA,English,I react for everything what's happen in the fight,1:18 / 7:48
-g88odXOrHA,English,I react for everything what's happen in the fight,1:19 / 7:48
-g88odXOrHA,English,I react for everything what's happen in the fight,1:20 / 7:48
-g88odXOrHA,English,and he thinks that he knows me,1:20 / 7:48
-g88odXOrHA,English,and he thinks that he knows me,1:21 / 7:48
-g88odXOrHA,English,and he thinks that he knows me,1:22 / 7:48
-g88odXOrHA,English,but in the fight he feels completely different,1:23 / 7:48
-g88odXOrHA,English,but in the fight he feels completely different,1:24 / 7:48
-g88odXOrHA,English,what he thinks that he know,1:25 / 7:48
-g88odXOrHA,English,what he thinks that he know,1:26 / 7:48
-g88odXOrHA,English,and that's gonna be the worst problem.,1:26 / 7:48
-g88odXOrHA,English,and that's gonna be the worst problem.,1:27 / 7:48
-g88odXOrHA,English,and that's gonna be the worst problem.,1:28 / 7:48
-g88odXOrHA,English,,1:29 / 7:48
-g88odXOrHA,English,,1:30 / 7:48
-g88odXOrHA,English,,1:31 / 7:48
-g88odXOrHA,English,,1:32 / 7:48
-g88odXOrHA,English,[Water splashing],1:33 / 7:48
-g88odXOrHA,English,[Water splashing],1:34 / 7:48
-g88odXOrHA,English,,1:35 / 7:48
-g88odXOrHA,English,,1:36 / 7:48
-g88odXOrHA,English,,1:37 / 7:48
-g88odXOrHA,English,,1:38 / 7:48
-g88odXOrHA,English,,1:39 / 7:48
-g88odXOrHA,English,,1:40 / 7:48
-g88odXOrHA,English,">> Coming out here, opportunity's amazing,",1:41 / 7:48
-g88odXOrHA,English,">> Coming out here, opportunity's amazing,",1:42 / 7:48
-g88odXOrHA,English,"to be able to get a quick turnaround,",1:43 / 7:48
-g88odXOrHA,English,fight on Fight Island.,1:44 / 7:48
-g88odXOrHA,English,"Just my career, I feel like it's starting to really pick up.",1:45 / 7:48
-g88odXOrHA,English,"Just my career, I feel like it's starting to really pick up.",1:46 / 7:48
-g88odXOrHA,English,"Just my career, I feel like it's starting to really pick up.",1:47 / 7:48
-g88odXOrHA,English,I'm getting them quick fights like I've been asking.,1:47 / 7:48
-g88odXOrHA,English,I'm getting them quick fights like I've been asking.,1:48 / 7:48
-g88odXOrHA,English,I'm getting them quick fights like I've been asking.,1:49 / 7:48
-g88odXOrHA,English,So just chatting with how dope it is,1:49 / 7:48
-g88odXOrHA,English,So just chatting with how dope it is,1:50 / 7:48
-g88odXOrHA,English,So just chatting with how dope it is,1:51 / 7:48
-g88odXOrHA,English,to be on the other side of the world,1:52 / 7:48
-g88odXOrHA,English,"doing what I do best, doing what I love.",1:53 / 7:48
-g88odXOrHA,English,"doing what I do best, doing what I love.",1:54 / 7:48
-g88odXOrHA,English,"doing what I do best, doing what I love.",1:55 / 7:48
-g88odXOrHA,English,"doing what I do best, doing what I love.",1:56 / 7:48
-g88odXOrHA,English,>> This definitely feels as crazy,1:56 / 7:48
-g88odXOrHA,English,>> This definitely feels as crazy,1:57 / 7:48
-g88odXOrHA,English,"as we thought it would be. >> Oh, yeah.",1:58 / 7:48
-g88odXOrHA,English,"as we thought it would be. >> Oh, yeah.",1:59 / 7:48
-g88odXOrHA,English,,1:59 / 7:48
-g88odXOrHA,English,>> To just say I'm doing it; We're doing it.,2:00 / 7:48
-g88odXOrHA,English,>> To just say I'm doing it; We're doing it.,2:01 / 7:48
-g88odXOrHA,English,>> To just say I'm doing it; We're doing it.,2:02 / 7:48
-g88odXOrHA,English,"Like how short notice that was, like, you're like , ""Ryan,",2:03 / 7:48
-g88odXOrHA,English,"Like how short notice that was, like, you're like , ""Ryan,",2:04 / 7:48
-g88odXOrHA,English,"you have an hour to say yes, to get on the flight.""",2:05 / 7:48
-g88odXOrHA,English,"you have an hour to say yes, to get on the flight.""",2:06 / 7:48
-g88odXOrHA,English,"you have an hour to say yes, to get on the flight.""",2:07 / 7:48
-g88odXOrHA,English,"I'm like, ""Alright, Hang on one second.",2:07 / 7:48
-g88odXOrHA,English,"I'm like, ""Alright, Hang on one second.",2:08 / 7:48
-g88odXOrHA,English,,2:09 / 7:48
-g88odXOrHA,English,"Hang on one second."" >> I was on the other end, like.",2:10 / 7:48
-g88odXOrHA,English,"Hang on one second."" >> I was on the other end, like.",2:11 / 7:48
-g88odXOrHA,English,♪♪,2:11 / 7:48
-g88odXOrHA,English,♪♪,2:12 / 7:48
-g88odXOrHA,English,♪♪,2:13 / 7:48
-g88odXOrHA,English,♪♪,2:14 / 7:48
-g88odXOrHA,English,♪♪,2:15 / 7:48
-g88odXOrHA,English,♪♪,2:16 / 7:48
-g88odXOrHA,English,♪♪,2:17 / 7:48
-g88odXOrHA,English,♪♪,2:18 / 7:48
-g88odXOrHA,English,♪♪,2:19 / 7:48
-g88odXOrHA,English,♪♪,2:20 / 7:48
-g88odXOrHA,English,♪♪,2:21 / 7:48
-g88odXOrHA,English,♪♪,2:22 / 7:48
-g88odXOrHA,English,♪♪,2:23 / 7:48
-g88odXOrHA,English,,2:24 / 7:48
-g88odXOrHA,English,>> This is life good here.,2:24 / 7:48
-g88odXOrHA,English,>> This is life good here.,2:25 / 7:48
-g88odXOrHA,English,>> This is life good here.,2:26 / 7:48
-g88odXOrHA,English,No more sitting in the room.,2:27 / 7:48
-g88odXOrHA,English,No more sitting in the room.,2:28 / 7:48
-g88odXOrHA,English,No more sitting in the room.,2:29 / 7:48
-g88odXOrHA,English,"Training done, now relax.",2:30 / 7:48
-g88odXOrHA,English,"Training done, now relax.",2:31 / 7:48
-g88odXOrHA,English,"Training done, now relax.",2:32 / 7:48
-g88odXOrHA,English,"Training done, now relax.",2:33 / 7:48
-g88odXOrHA,English,"Training done, now relax.",2:34 / 7:48
-g88odXOrHA,English,Enjoy the fight week.,2:34 / 7:48
-g88odXOrHA,English,Enjoy the fight week.,2:35 / 7:48
-g88odXOrHA,English,Enjoy the fight week.,2:36 / 7:48
-g88odXOrHA,English,,2:36 / 7:48
-g88odXOrHA,English,,2:37 / 7:48
-g88odXOrHA,English,,2:38 / 7:48
-g88odXOrHA,English,,2:39 / 7:48
-g88odXOrHA,English,,2:40 / 7:48
-g88odXOrHA,English,,2:41 / 7:48
-g88odXOrHA,English,,2:42 / 7:48
-g88odXOrHA,English,I need to shave my chest.,2:43 / 7:48
-g88odXOrHA,English,I need to shave my chest.,2:44 / 7:48
-g88odXOrHA,English,♪♪,2:45 / 7:48
-g88odXOrHA,English,♪♪,2:46 / 7:48
-g88odXOrHA,English,♪♪,2:47 / 7:48
-g88odXOrHA,English,♪♪,2:48 / 7:48
-g88odXOrHA,English,♪♪,2:49 / 7:48
-g88odXOrHA,English,♪♪,2:50 / 7:48
-g88odXOrHA,English,"I think I'm gonna see him in Thursday in face off, we'll see.",2:51 / 7:48
-g88odXOrHA,English,"I think I'm gonna see him in Thursday in face off, we'll see.",2:52 / 7:48
-g88odXOrHA,English,"I think I'm gonna see him in Thursday in face off, we'll see.",2:53 / 7:48
-g88odXOrHA,English,"I think I'm gonna see him in Thursday in face off, we'll see.",2:54 / 7:48
-g88odXOrHA,English,But anyway I'm gonna see him on Saturday.,2:55 / 7:48
-g88odXOrHA,English,But anyway I'm gonna see him on Saturday.,2:56 / 7:48
-g88odXOrHA,English,But anyway I'm gonna see him on Saturday.,2:57 / 7:48
-g88odXOrHA,English,But anyway I'm gonna see him on Saturday.,2:58 / 7:48
-g88odXOrHA,English,This is important day.,2:59 / 7:48
-g88odXOrHA,English,This is important day.,3:00 / 7:48
-g88odXOrHA,English,I saw him a lot.,3:01 / 7:48
-g88odXOrHA,English,I saw him a lot.,3:02 / 7:48
-g88odXOrHA,English,"All the time in my mind, I see him.",3:03 / 7:48
-g88odXOrHA,English,"All the time in my mind, I see him.",3:04 / 7:48
-g88odXOrHA,English,"All the time in my mind, I see him.",3:05 / 7:48
-g88odXOrHA,English,Sometime your mind also need to rest.,3:05 / 7:48
-g88odXOrHA,English,Sometime your mind also need to rest.,3:06 / 7:48
-g88odXOrHA,English,"Don't think about the fight, about the training,",3:07 / 7:48
-g88odXOrHA,English,"Don't think about the fight, about the training,",3:08 / 7:48
-g88odXOrHA,English,,3:08 / 7:48
-g88odXOrHA,English,about the opponent.,3:09 / 7:48
-g88odXOrHA,English,"Because you could be, you know, crazy a little bit.",3:10 / 7:48
-g88odXOrHA,English,"Because you could be, you know, crazy a little bit.",3:11 / 7:48
-g88odXOrHA,English,"Because you could be, you know, crazy a little bit.",3:12 / 7:48
-g88odXOrHA,English,"Because you could be, you know, crazy a little bit.",3:13 / 7:48
-g88odXOrHA,English,That's why I'm here right now in the pool,3:14 / 7:48
-g88odXOrHA,English,"to, you know, clear my mind.",3:15 / 7:48
-g88odXOrHA,English,"to, you know, clear my mind.",3:16 / 7:48
-g88odXOrHA,English,"to, you know, clear my mind.",3:17 / 7:48
-g88odXOrHA,English,♪♪,3:17 / 7:48
-g88odXOrHA,English,♪♪,3:18 / 7:48
-g88odXOrHA,English,♪♪,3:19 / 7:48
-g88odXOrHA,English,♪♪,3:20 / 7:48
-g88odXOrHA,English,♪♪,3:21 / 7:48
-g88odXOrHA,English,♪♪,3:22 / 7:48
-g88odXOrHA,English,♪♪,3:23 / 7:48
-g88odXOrHA,English,♪♪,3:24 / 7:48
-g88odXOrHA,English,♪♪,3:25 / 7:48
-g88odXOrHA,English,♪♪,3:26 / 7:48
-g88odXOrHA,English,[grunting],3:26 / 7:48
-g88odXOrHA,English,[grunting],3:27 / 7:48
-g88odXOrHA,English,,3:28 / 7:48
-g88odXOrHA,English,,3:29 / 7:48
-g88odXOrHA,English,,3:30 / 7:48
-g88odXOrHA,English,,3:31 / 7:48
-g88odXOrHA,English,,3:32 / 7:48
-g88odXOrHA,English,,3:33 / 7:48
-g88odXOrHA,English,,3:34 / 7:48
-g88odXOrHA,English,>> That's on one.,3:35 / 7:48
-g88odXOrHA,English,>> That's on one.,3:36 / 7:48
-g88odXOrHA,English,>> And this side.,3:37 / 7:48
-g88odXOrHA,English,>> And this side.,3:38 / 7:48
-g88odXOrHA,English,">> Oh, shake and bake, shake and bake.",3:39 / 7:48
-g88odXOrHA,English,">> Oh, shake and bake, shake and bake.",3:40 / 7:48
-g88odXOrHA,English,">> Oh, shake and bake, shake and bake.",3:41 / 7:48
-g88odXOrHA,English,"Go, Ricky Bobby!",3:41 / 7:48
-g88odXOrHA,English,"Go, Ricky Bobby!",3:42 / 7:48
-g88odXOrHA,English,"Go, Ricky Bobby!",3:43 / 7:48
-g88odXOrHA,English,Look at this.,3:44 / 7:48
-g88odXOrHA,English,,3:45 / 7:48
-g88odXOrHA,English,,3:46 / 7:48
-g88odXOrHA,English,,3:47 / 7:48
-g88odXOrHA,English,,3:48 / 7:48
-g88odXOrHA,English,,3:49 / 7:48
-g88odXOrHA,English,[laughing],3:49 / 7:48
-g88odXOrHA,English,[laughing],3:50 / 7:48
-g88odXOrHA,English,,3:51 / 7:48
-g88odXOrHA,English,,3:52 / 7:48
-g88odXOrHA,English,,3:53 / 7:48
-g88odXOrHA,English,">> Yeah, we've got, um, ""Lightning"" Mike Angove",3:54 / 7:48
-g88odXOrHA,English,">> Yeah, we've got, um, ""Lightning"" Mike Angove",3:55 / 7:48
-g88odXOrHA,English,">> Yeah, we've got, um, ""Lightning"" Mike Angove",3:56 / 7:48
-g88odXOrHA,English,on the pads.,3:57 / 7:48
-g88odXOrHA,English,on the pads.,3:58 / 7:48
-g88odXOrHA,English,"You know, one of New Zealand's old-school kickboxers",3:58 / 7:48
-g88odXOrHA,English,"You know, one of New Zealand's old-school kickboxers",3:59 / 7:48
-g88odXOrHA,English,"You know, one of New Zealand's old-school kickboxers",4:00 / 7:48
-g88odXOrHA,English,"You know, one of New Zealand's old-school kickboxers",4:01 / 7:48
-g88odXOrHA,English,and one of my trainers.,4:02 / 7:48
-g88odXOrHA,English,and one of my trainers.,4:03 / 7:48
-g88odXOrHA,English,and one of my trainers.,4:04 / 7:48
-g88odXOrHA,English,and one of my trainers.,4:05 / 7:48
-g88odXOrHA,English,"And yeah, he's just getting the shakeout, you know.",4:05 / 7:48
-g88odXOrHA,English,"And yeah, he's just getting the shakeout, you know.",4:06 / 7:48
-g88odXOrHA,English,"And yeah, he's just getting the shakeout, you know.",4:07 / 7:48
-g88odXOrHA,English,"And yeah, he's just getting the shakeout, you know.",4:08 / 7:48
-g88odXOrHA,English,He knew better was coming,4:08 / 7:48
-g88odXOrHA,English,He knew better was coming,4:09 / 7:48
-g88odXOrHA,English,He knew better was coming,4:10 / 7:48
-g88odXOrHA,English,so he had to get a shine a little bit.,4:10 / 7:48
-g88odXOrHA,English,so he had to get a shine a little bit.,4:11 / 7:48
-g88odXOrHA,English,so he had to get a shine a little bit.,4:12 / 7:48
-g88odXOrHA,English,so he had to get a shine a little bit.,4:13 / 7:48
-g88odXOrHA,English,[grunting],4:13 / 7:48
-g88odXOrHA,English,[grunting],4:14 / 7:48
-g88odXOrHA,English,,4:15 / 7:48
-g88odXOrHA,English,,4:16 / 7:48
-g88odXOrHA,English,,4:17 / 7:48
-g88odXOrHA,English,[laughing],4:18 / 7:48
-g88odXOrHA,English,[laughing],4:19 / 7:48
-g88odXOrHA,English,,4:20 / 7:48
-g88odXOrHA,English,,4:21 / 7:48
-g88odXOrHA,English,,4:22 / 7:48
-g88odXOrHA,English,,4:23 / 7:48
-g88odXOrHA,English,,4:24 / 7:48
-g88odXOrHA,English,,4:25 / 7:48
-g88odXOrHA,English,>> I might try it.,4:25 / 7:48
-g88odXOrHA,English,>> I might try it.,4:26 / 7:48
-g88odXOrHA,English,,4:27 / 7:48
-g88odXOrHA,English,,4:28 / 7:48
-g88odXOrHA,English,,4:29 / 7:48
-g88odXOrHA,English,,4:30 / 7:48
-g88odXOrHA,English,He needs to move.,4:31 / 7:48
-g88odXOrHA,English,He needs to train.,4:31 / 7:48
-g88odXOrHA,English,He needs to train.,4:32 / 7:48
-g88odXOrHA,English,"He's one of those guys who's still-- When he's 75,",4:32 / 7:48
-g88odXOrHA,English,"He's one of those guys who's still-- When he's 75,",4:33 / 7:48
-g88odXOrHA,English,"He's one of those guys who's still-- When he's 75,",4:34 / 7:48
-g88odXOrHA,English,I won't be surprised he's still doing this.,4:34 / 7:48
-g88odXOrHA,English,I won't be surprised he's still doing this.,4:35 / 7:48
-g88odXOrHA,English,I won't be surprised he's still doing this.,4:36 / 7:48
-g88odXOrHA,English,"So, yeah.",4:37 / 7:48
-g88odXOrHA,English,"So, yeah.",4:38 / 7:48
-g88odXOrHA,English,I'll probably be in the gi when I'm like 75,4:39 / 7:48
-g88odXOrHA,English,I'll probably be in the gi when I'm like 75,4:40 / 7:48
-g88odXOrHA,English,"but maybe boxing, maybe kicking, who knows.",4:41 / 7:48
-g88odXOrHA,English,"but maybe boxing, maybe kicking, who knows.",4:42 / 7:48
-g88odXOrHA,English,"but maybe boxing, maybe kicking, who knows.",4:43 / 7:48
-g88odXOrHA,English,"but maybe boxing, maybe kicking, who knows.",4:44 / 7:48
-g88odXOrHA,English,"but maybe boxing, maybe kicking, who knows.",4:45 / 7:48
-g88odXOrHA,English,See how I feel?,4:46 / 7:48
-g88odXOrHA,English,See how I feel?,4:47 / 7:48
-g88odXOrHA,English,,4:48 / 7:48
-g88odXOrHA,English,Woo!,4:48 / 7:48
-g88odXOrHA,English,Woo!,4:49 / 7:48
-g88odXOrHA,English,Woo!,4:50 / 7:48
-g88odXOrHA,English,Woo!,4:51 / 7:48
-g88odXOrHA,English,"Shake and bake, Ricky Bobby.",4:51 / 7:48
-g88odXOrHA,English,"Shake and bake, Ricky Bobby.",4:52 / 7:48
-g88odXOrHA,English,Shake and bake!,4:53 / 7:48
-g88odXOrHA,English,Shake and bake!,4:54 / 7:48
-g88odXOrHA,English,,4:54 / 7:48
-g88odXOrHA,English,,4:55 / 7:48
-g88odXOrHA,English,[water splashing],4:56 / 7:48
-g88odXOrHA,English,[water splashing],4:57 / 7:48
-g88odXOrHA,English,,4:58 / 7:48
-g88odXOrHA,English,,4:59 / 7:48
-g88odXOrHA,English,[tapping],5:00 / 7:48
-g88odXOrHA,English,[tapping],5:01 / 7:48
-g88odXOrHA,English,,5:02 / 7:48
-g88odXOrHA,English,,5:03 / 7:48
-g88odXOrHA,English,,5:04 / 7:48
-g88odXOrHA,English,>> Should I dunk it?,5:05 / 7:48
-g88odXOrHA,English,>> Should I dunk it?,5:06 / 7:48
-g88odXOrHA,English,>> Should I dunk it?,5:07 / 7:48
-g88odXOrHA,English,>> Do it again.,5:08 / 7:48
-g88odXOrHA,English,,5:09 / 7:48
-g88odXOrHA,English,>> Air ball!,5:09 / 7:48
-g88odXOrHA,English,>> Air ball!,5:10 / 7:48
-g88odXOrHA,English,"I'm lining it up right,",5:10 / 7:48
-g88odXOrHA,English,just not putting enough power on it.,5:11 / 7:48
-g88odXOrHA,English,just not putting enough power on it.,5:12 / 7:48
-g88odXOrHA,English,Every miss is five pushups.,5:13 / 7:48
-g88odXOrHA,English,Every miss is five pushups.,5:14 / 7:48
-g88odXOrHA,English,Every miss is five pushups.,5:15 / 7:48
-g88odXOrHA,English,[chatter],5:15 / 7:48
-g88odXOrHA,English,[chatter],5:16 / 7:48
-g88odXOrHA,English,[chatter],5:17 / 7:48
-g88odXOrHA,English,,5:18 / 7:48
-g88odXOrHA,English,,5:19 / 7:48
-g88odXOrHA,English,,5:20 / 7:48
-g88odXOrHA,English,">> No recording, no recording.",5:21 / 7:48
-g88odXOrHA,English,">> No recording, no recording.",5:22 / 7:48
-g88odXOrHA,English,,5:22 / 7:48
-g88odXOrHA,English,,5:23 / 7:48
-g88odXOrHA,English,,5:24 / 7:48
-g88odXOrHA,English,>> There you go.,5:25 / 7:48
-g88odXOrHA,English,,5:25 / 7:48
-g88odXOrHA,English,[whooping],5:26 / 7:48
-g88odXOrHA,English,[whooping],5:27 / 7:48
-g88odXOrHA,English,,5:28 / 7:48
-g88odXOrHA,English,>> He can do it all.,5:28 / 7:48
-g88odXOrHA,English,>> He can do it all.,5:29 / 7:48
-g88odXOrHA,English,[chatter],5:30 / 7:48
-g88odXOrHA,English,[chatter],5:31 / 7:48
-g88odXOrHA,English,[chatter],5:32 / 7:48
-g88odXOrHA,English,>> What can't he do?,5:32 / 7:48
-g88odXOrHA,English,>> What can't he do?,5:33 / 7:48
-g88odXOrHA,English,>> What can't he do?,5:34 / 7:48
-g88odXOrHA,English,,5:35 / 7:48
-g88odXOrHA,English,>> You can see we normally,5:35 / 7:48
-g88odXOrHA,English,>> You can see we normally,5:36 / 7:48
-g88odXOrHA,English,do not play basketball before fights.,5:37 / 7:48
-g88odXOrHA,English,do not play basketball before fights.,5:38 / 7:48
-g88odXOrHA,English,do not play basketball before fights.,5:39 / 7:48
-g88odXOrHA,English,do not play basketball before fights.,5:40 / 7:48
-g88odXOrHA,English,or even after fights.,5:41 / 7:48
-g88odXOrHA,English,or even after fights.,5:42 / 7:48
-g88odXOrHA,English,"Or ever, really.",5:43 / 7:48
-g88odXOrHA,English,"Or ever, really.",5:44 / 7:48
-g88odXOrHA,English,"Or ever, really.",5:45 / 7:48
-g88odXOrHA,English,But we're having a good time.,5:46 / 7:48
-g88odXOrHA,English,But we're having a good time.,5:47 / 7:48
-g88odXOrHA,English,,5:48 / 7:48
-g88odXOrHA,English,He's gonna throw it super hard.,5:48 / 7:48
-g88odXOrHA,English,He's gonna throw it super hard.,5:49 / 7:48
-g88odXOrHA,English,He's gonna throw it super hard.,5:50 / 7:48
-g88odXOrHA,English,He's gonna throw it super hard.,5:51 / 7:48
-g88odXOrHA,English,,5:51 / 7:48
-g88odXOrHA,English,,5:52 / 7:48
-g88odXOrHA,English,,5:53 / 7:48
-g88odXOrHA,English,It's good.,5:53 / 7:48
-g88odXOrHA,English,>> All: Ooh!,5:54 / 7:48
-g88odXOrHA,English,>> All: Ooh!,5:55 / 7:48
-g88odXOrHA,English,[cheering],5:56 / 7:48
-g88odXOrHA,English,[cheering],5:57 / 7:48
-g88odXOrHA,English,,5:58 / 7:48
-g88odXOrHA,English,,5:59 / 7:48
-g88odXOrHA,English,,6:00 / 7:48
-g88odXOrHA,English,>> Who hasn't made it?,6:01 / 7:48
-g88odXOrHA,English,>> Who hasn't made it?,6:02 / 7:48
-g88odXOrHA,English,>> I made it.,6:02 / 7:48
-g88odXOrHA,English,>> I made it.,6:03 / 7:48
-g88odXOrHA,English,>> You make that court jump?,6:03 / 7:48
-g88odXOrHA,English,>> You make that court jump?,6:04 / 7:48
-g88odXOrHA,English,>> Yeah.,6:05 / 7:48
-g88odXOrHA,English,,6:06 / 7:48
-g88odXOrHA,English,,6:07 / 7:48
-g88odXOrHA,English,,6:08 / 7:48
-g88odXOrHA,English,,6:09 / 7:48
-g88odXOrHA,English,Whoa!,6:10 / 7:48
-g88odXOrHA,English,Whoa!,6:11 / 7:48
-g88odXOrHA,English,Definitely humid as heck out here.,6:12 / 7:48
-g88odXOrHA,English,Definitely humid as heck out here.,6:13 / 7:48
-g88odXOrHA,English,"Luckily for us, oh!",6:14 / 7:48
-g88odXOrHA,English,"Luckily for us, oh!",6:15 / 7:48
-g88odXOrHA,English,"Luckily for us, oh!",6:16 / 7:48
-g88odXOrHA,English,>> He made it! He made it!,6:17 / 7:48
-g88odXOrHA,English,>> He made it! He made it!,6:18 / 7:48
-g88odXOrHA,English,>> He made it! He made it!,6:19 / 7:48
-g88odXOrHA,English,He [bleep] made it!,6:20 / 7:48
-g88odXOrHA,English,He [bleep] made it!,6:21 / 7:48
-g88odXOrHA,English,He did!,6:22 / 7:48
-g88odXOrHA,English,,6:23 / 7:48
-g88odXOrHA,English,[cross yelling],6:23 / 7:48
-g88odXOrHA,English,[cross yelling],6:24 / 7:48
-g88odXOrHA,English,,6:25 / 7:48
-g88odXOrHA,English,,6:26 / 7:48
-g88odXOrHA,English,,6:27 / 7:48
-g88odXOrHA,English,,6:28 / 7:48
-g88odXOrHA,English,,6:29 / 7:48
-g88odXOrHA,English,,6:30 / 7:48
-g88odXOrHA,English,,6:31 / 7:48
-g88odXOrHA,English,">> Oh, that's freaking awesome.",6:32 / 7:48
-g88odXOrHA,English,">> Oh, that's freaking awesome.",6:33 / 7:48
-g88odXOrHA,English,">> Oh, that's freaking awesome.",6:34 / 7:48
-g88odXOrHA,English,[yelling],6:35 / 7:48
-g88odXOrHA,English,[yelling],6:36 / 7:48
-g88odXOrHA,English,,6:36 / 7:48
-g88odXOrHA,English,,6:37 / 7:48
-g88odXOrHA,English,,6:38 / 7:48
-g88odXOrHA,English,,6:39 / 7:48
-g88odXOrHA,English,>> Nothing but net.,6:40 / 7:48
-g88odXOrHA,English,>> Nothing but net.,6:41 / 7:48
-g88odXOrHA,English,">> If we didn't see it, it didn't happen, so.",6:42 / 7:48
-g88odXOrHA,English,">> If we didn't see it, it didn't happen, so.",6:43 / 7:48
-g88odXOrHA,English,">> If we didn't see it, it didn't happen, so.",6:44 / 7:48
-g88odXOrHA,English,,6:45 / 7:48
-g88odXOrHA,English,,6:46 / 7:48
-g88odXOrHA,English,,6:47 / 7:48
-g88odXOrHA,English,,6:48 / 7:48
-g88odXOrHA,English,,6:49 / 7:48
-g88odXOrHA,English,,6:50 / 7:48
-g88odXOrHA,English,"Fighting's really taken me all over the world, you know.",6:51 / 7:48
-g88odXOrHA,English,"Fighting's really taken me all over the world, you know.",6:52 / 7:48
-g88odXOrHA,English,"Fighting's really taken me all over the world, you know.",6:53 / 7:48
-g88odXOrHA,English,"Fighting's afforded me the opportunity to be here,",6:54 / 7:48
-g88odXOrHA,English,"Fighting's afforded me the opportunity to be here,",6:55 / 7:48
-g88odXOrHA,English,"Fighting's afforded me the opportunity to be here,",6:56 / 7:48
-g88odXOrHA,English,"to be in China, to be in Chile.",6:56 / 7:48
-g88odXOrHA,English,"to be in China, to be in Chile.",6:57 / 7:48
-g88odXOrHA,English,"to be in China, to be in Chile.",6:58 / 7:48
-g88odXOrHA,English,"Like, this is just the beginning, man.",6:59 / 7:48
-g88odXOrHA,English,"Like, this is just the beginning, man.",7:00 / 7:48
-g88odXOrHA,English,"Like, this is just the beginning, man.",7:01 / 7:48
-g88odXOrHA,English,"We're here for business, obviously.",7:02 / 7:48
-g88odXOrHA,English,"We're here for business, obviously.",7:03 / 7:48
-g88odXOrHA,English,I'm not here-- it's not a vacation.,7:04 / 7:48
-g88odXOrHA,English,I'm not here-- it's not a vacation.,7:05 / 7:48
-g88odXOrHA,English,But it's still kind of feels that way.,7:05 / 7:48
-g88odXOrHA,English,But it's still kind of feels that way.,7:06 / 7:48
-g88odXOrHA,English,But it's still kind of feels that way.,7:07 / 7:48
-g88odXOrHA,English,I don't know. That way?,7:07 / 7:48
-g88odXOrHA,English,I don't know. That way?,7:08 / 7:48
-g88odXOrHA,English,Never up at this time ever.,7:09 / 7:48
-g88odXOrHA,English,Never up at this time ever.,7:10 / 7:48
-g88odXOrHA,English,Never up at this time ever.,7:11 / 7:48
-g88odXOrHA,English,It's really beautiful.,7:11 / 7:48
-g88odXOrHA,English,It's really beautiful.,7:12 / 7:48
-g88odXOrHA,English,It's really beautiful.,7:13 / 7:48
-g88odXOrHA,English,Super serene.,7:13 / 7:48
-g88odXOrHA,English,Super serene.,7:14 / 7:48
-g88odXOrHA,English,,7:14 / 7:48
-g88odXOrHA,English,Super quiet.,7:15 / 7:48
-g88odXOrHA,English,Was it right here? >> Yeah.,7:16 / 7:48
-g88odXOrHA,English,Was it right here? >> Yeah.,7:17 / 7:48
-g88odXOrHA,English,>> That's it!,7:17 / 7:48
-g88odXOrHA,English,>> That's it!,7:18 / 7:48
-g88odXOrHA,English,It's just super special.,7:19 / 7:48
-g88odXOrHA,English,"It's like a special time, a special, special event,",7:20 / 7:48
-g88odXOrHA,English,"It's like a special time, a special, special event,",7:21 / 7:48
-g88odXOrHA,English,"It's like a special time, a special, special event,",7:22 / 7:48
-g88odXOrHA,English,special island.,7:23 / 7:48
-g88odXOrHA,English,Like everything is special about this,7:24 / 7:48
-g88odXOrHA,English,Like everything is special about this,7:25 / 7:48
-g88odXOrHA,English,and I'm a special fighter,7:25 / 7:48
-g88odXOrHA,English,and I'm a special fighter,7:26 / 7:48
-g88odXOrHA,English,"and I'm about to become champion, so.",7:27 / 7:48
-g88odXOrHA,English,"and I'm about to become champion, so.",7:28 / 7:48
-g88odXOrHA,English,"and I'm about to become champion, so.",7:29 / 7:48
-g88odXOrHA,English,This is-- it's all fitting.,7:30 / 7:48
-g88odXOrHA,English,This is-- it's all fitting.,7:31 / 7:48
-g88odXOrHA,English,,7:32 / 7:48
-g88odXOrHA,English,It all fits.,7:32 / 7:48
-g88odXOrHA,English,It all fits.,7:33 / 7:48
-g88odXOrHA,English,[dramatic theme music],7:34 / 7:48
-g88odXOrHA,English,[dramatic theme music],7:35 / 7:48
-g88odXOrHA,English,♪♪,7:35 / 7:48
-g88odXOrHA,English,♪♪,7:36 / 7:48
-g88odXOrHA,English,♪♪,7:37 / 7:48
-g88odXOrHA,English,♪♪,7:38 / 7:48
-g88odXOrHA,English,♪♪,7:39 / 7:48
-g88odXOrHA,English,♪♪,7:40 / 7:48
-g88odXOrHA,English,♪♪,7:41 / 7:48
-g88odXOrHA,English,♪♪,7:42 / 7:48
-g88odXOrHA,English,♪♪,7:43 / 7:48
-g88odXOrHA,English,♪♪,7:44 / 7:48
-g88odXOrHA,English,♪♪,7:45 / 7:48
-g88odXOrHA,English,♪♪,7:46 / 7:48
-g88odXOrHA,English,,7:47 / 7:48
-g88odXOrHA,English,[music playing on the radio],0:19 / 7:48
-g88odXOrHA,English,,0:26 / 7:48
-g88odXOrHA,English,They made one song in Polish for me a long time ago,0:29 / 7:48
-g88odXOrHA,English,They have to do the same song but in English.,0:35 / 7:48
-g88odXOrHA,English,"It's amazing, amazing feeling.",0:55 / 7:48
-g88odXOrHA,English,Amazing feeling.,1:01 / 7:48
-g88odXOrHA,English,because I read the fight.,1:15 / 7:48
-g88odXOrHA,English,what he thinks that he know,1:24 / 7:48
-g88odXOrHA,English,"to be able to get a quick turnaround,",1:42 / 7:48
-g88odXOrHA,English,to be on the other side of the world,1:51 / 7:48
-g88odXOrHA,English,"as we thought it would be. >> Oh, yeah.",1:57 / 7:48
-g88odXOrHA,English,>> To just say I'm doing it; We're doing it.,2:03 / 7:48
-g88odXOrHA,English,"Like how short notice that was, like, you're like , ""Ryan,",2:05 / 7:48
-g88odXOrHA,English,"I'm like, ""Alright, Hang on one second.",2:09 / 7:48
-g88odXOrHA,English,"Hang on one second."" >> I was on the other end, like.",2:09 / 7:48
-g88odXOrHA,English,No more sitting in the room.,2:26 / 7:48
-g88odXOrHA,English,"I think I'm gonna see him in Thursday in face off, we'll see.",2:50 / 7:48
-g88odXOrHA,English,"I think I'm gonna see him in Thursday in face off, we'll see.",2:55 / 7:48
-g88odXOrHA,English,This is important day.,3:01 / 7:48
-g88odXOrHA,English,Sometime your mind also need to rest.,3:07 / 7:48
-g88odXOrHA,English,about the opponent.,3:08 / 7:48
-g88odXOrHA,English,about the opponent.,3:10 / 7:48
-g88odXOrHA,English,,3:13 / 7:48
-g88odXOrHA,English,[grunting],3:28 / 7:48
-g88odXOrHA,English,>> That's on one.,3:37 / 7:48
-g88odXOrHA,English,Look at this.,3:43 / 7:48
-g88odXOrHA,English,[laughing],3:51 / 7:48
-g88odXOrHA,English,,3:54 / 7:48
-g88odXOrHA,English,,4:10 / 7:48
-g88odXOrHA,English,[grunting],4:15 / 7:48
-g88odXOrHA,English,,4:18 / 7:48
-g88odXOrHA,English,>> I might try it.,4:27 / 7:48
-g88odXOrHA,English,He needs to move.,4:30 / 7:48
-g88odXOrHA,English,"So, yeah.",4:36 / 7:48
-g88odXOrHA,English,"So, yeah.",4:39 / 7:48
-g88odXOrHA,English,,4:47 / 7:48
-g88odXOrHA,English,[water splashing],4:58 / 7:48
-g88odXOrHA,English,[tapping],4:59 / 7:48
-g88odXOrHA,English,just not putting enough power on it.,5:13 / 7:48
-g88odXOrHA,English,,5:17 / 7:48
-g88odXOrHA,English,">> No recording, no recording.",5:20 / 7:48
-g88odXOrHA,English,[whooping],5:28 / 7:48
-g88odXOrHA,English,,5:34 / 7:48
-g88odXOrHA,English,or even after fights.,5:40 / 7:48
-g88odXOrHA,English,It's good.,5:54 / 7:48
-g88odXOrHA,English,[cheering],5:55 / 7:48
-g88odXOrHA,English,>> Yeah.,6:04 / 7:48
-g88odXOrHA,English,He [bleep] made it!,6:19 / 7:48
-g88odXOrHA,English,,6:40 / 7:48
-g88odXOrHA,English,I'm not here-- it's not a vacation.,7:03 / 7:48
-g88odXOrHA,English,,7:25 / 7:48
-g88odXOrHA,English,,7:48 / 7:48
-g88odXOrHA,English (auto-generated),,0:00 / 7:48
-g88odXOrHA,English (auto-generated),,0:01 / 7:48
-g88odXOrHA,English (auto-generated),,0:02 / 7:48
-g88odXOrHA,English (auto-generated),,0:03 / 7:48
-g88odXOrHA,English (auto-generated),,0:04 / 7:48
-g88odXOrHA,English (auto-generated),,0:05 / 7:48
-g88odXOrHA,English (auto-generated),,0:06 / 7:48
-g88odXOrHA,English (auto-generated),,0:07 / 7:48
-g88odXOrHA,English (auto-generated),,0:08 / 7:48
-g88odXOrHA,English (auto-generated),,0:09 / 7:48
-g88odXOrHA,English (auto-generated),,0:10 / 7:48
-g88odXOrHA,English (auto-generated),,0:11 / 7:48
-g88odXOrHA,English (auto-generated),,0:12 / 7:48
-g88odXOrHA,English (auto-generated),,0:13 / 7:48
-g88odXOrHA,English (auto-generated),,0:14 / 7:48
-g88odXOrHA,English (auto-generated),so,0:15 / 7:48
-g88odXOrHA,English (auto-generated),so,0:16 / 7:48
-g88odXOrHA,English (auto-generated),so,0:17 / 7:48
-g88odXOrHA,English (auto-generated),,0:18 / 7:48
-g88odXOrHA,English (auto-generated),,0:19 / 7:48
-g88odXOrHA,English (auto-generated),,0:20 / 7:48
-g88odXOrHA,English (auto-generated),[Music],0:20 / 7:48
-g88odXOrHA,English (auto-generated),[Music],0:21 / 7:48
-g88odXOrHA,English (auto-generated),[Music],0:22 / 7:48
-g88odXOrHA,English (auto-generated),[Music],0:23 / 7:48
-g88odXOrHA,English (auto-generated),,0:23 / 7:48
-g88odXOrHA,English (auto-generated),,0:24 / 7:48
-g88odXOrHA,English (auto-generated),,0:25 / 7:48
-g88odXOrHA,English (auto-generated),,0:26 / 7:48
-g88odXOrHA,English (auto-generated),the analogs,0:27 / 7:48
-g88odXOrHA,English (auto-generated),the analogs they,0:28 / 7:48
-g88odXOrHA,English (auto-generated),the analogs they are,0:28 / 7:48
-g88odXOrHA,English (auto-generated),the analogs they are my friends,0:29 / 7:48
-g88odXOrHA,English (auto-generated),the analogs they are my friends they,0:29 / 7:48
-g88odXOrHA,English (auto-generated),made one,0:30 / 7:48
-g88odXOrHA,English (auto-generated),made one song in,0:31 / 7:48
-g88odXOrHA,English (auto-generated),made one song in polish for me,0:31 / 7:48
-g88odXOrHA,English (auto-generated),made one song in polish for me long time ago,0:32 / 7:48
-g88odXOrHA,English (auto-generated),one song in polish for me long time ago and i asked,0:32 / 7:48
-g88odXOrHA,English (auto-generated),one song in polish for me long time ago and i asked them,0:33 / 7:48
-g88odXOrHA,English (auto-generated),and i asked them because,0:34 / 7:48
-g88odXOrHA,English (auto-generated),and i asked them because big moment,0:34 / 7:48
-g88odXOrHA,English (auto-generated),and i asked them because big moment for me,0:35 / 7:48
-g88odXOrHA,English (auto-generated),and i asked them because big moment for me they,0:35 / 7:48
-g88odXOrHA,English (auto-generated),~~~ !!! ERROR IN PARSING !!! ~~~,0:36 / 7:48
-g88odXOrHA,English (auto-generated),because big moment for me they have to do the same song,0:37 / 7:48
-g88odXOrHA,English (auto-generated),because big moment for me they have to do the same song but in,0:37 / 7:48
-g88odXOrHA,English (auto-generated),because big moment for me they have to do the same song but in,0:38 / 7:48
-g88odXOrHA,English (auto-generated),because big moment for me they have to do the same song but in,0:39 / 7:48
-g88odXOrHA,English (auto-generated),because big moment for me they have to do the same song but in,0:40 / 7:48
-g88odXOrHA,English (auto-generated),because big moment for me they have to do the same song but in,0:41 / 7:48
-g88odXOrHA,English (auto-generated),because big moment for me they have to do the same song but in,0:42 / 7:48
-g88odXOrHA,English (auto-generated),because big moment for me they have to do the same song but in english,0:43 / 7:48
-g88odXOrHA,English (auto-generated),because big moment for me they have to do the same song but in english,0:44 / 7:48
-g88odXOrHA,English (auto-generated),because big moment for me they have to do the same song but in english,0:45 / 7:48
-g88odXOrHA,English (auto-generated),,0:46 / 7:48
-g88odXOrHA,English (auto-generated),,0:47 / 7:48
-g88odXOrHA,English (auto-generated),it was very,0:48 / 7:48
-g88odXOrHA,English (auto-generated),it was very long time,0:49 / 7:48
-g88odXOrHA,English (auto-generated),it was very long time a long,0:49 / 7:48
-g88odXOrHA,English (auto-generated),it was very long time a long journey,0:50 / 7:48
-g88odXOrHA,English (auto-generated),it was very long time a long journey but,0:50 / 7:48
-g88odXOrHA,English (auto-generated),it was very long time a long journey but finally,0:51 / 7:48
-g88odXOrHA,English (auto-generated),it was very long time a long journey but finally i'm almost,0:52 / 7:48
-g88odXOrHA,English (auto-generated),it was very long time a long journey but finally i'm almost on the top,0:52 / 7:48
-g88odXOrHA,English (auto-generated),it was very long time a long journey but finally i'm almost on the top one more step,0:53 / 7:48
-g88odXOrHA,English (auto-generated),finally i'm almost on the top one more step,0:53 / 7:48
-g88odXOrHA,English (auto-generated),finally i'm almost on the top one more step it's amazing,0:54 / 7:48
-g88odXOrHA,English (auto-generated),finally i'm almost on the top one more step it's amazing amazing feeling,0:55 / 7:48
-g88odXOrHA,English (auto-generated),step it's amazing amazing feeling you work for,0:55 / 7:48
-g88odXOrHA,English (auto-generated),step it's amazing amazing feeling you work for something,0:56 / 7:48
-g88odXOrHA,English (auto-generated),step it's amazing amazing feeling you work for something all your life,0:56 / 7:48
-g88odXOrHA,English (auto-generated),step it's amazing amazing feeling you work for something all your life and finally,0:57 / 7:48
-g88odXOrHA,English (auto-generated),work for something all your life and finally,0:58 / 7:48
-g88odXOrHA,English (auto-generated),work for something all your life and finally you,0:58 / 7:48
-g88odXOrHA,English (auto-generated),work for something all your life and finally you are,0:59 / 7:48
-g88odXOrHA,English (auto-generated),work for something all your life and finally you are almost there,0:59 / 7:48
-g88odXOrHA,English (auto-generated),work for something all your life and finally you are almost there,1:00 / 7:48
-g88odXOrHA,English (auto-generated),work for something all your life and finally you are almost there,1:01 / 7:48
-g88odXOrHA,English (auto-generated),work for something all your life and finally you are almost there,1:02 / 7:48
-g88odXOrHA,English (auto-generated),work for something all your life and finally you are almost there,1:03 / 7:48
-g88odXOrHA,English (auto-generated),work for something all your life and finally you are almost there,1:04 / 7:48
-g88odXOrHA,English (auto-generated),work for something all your life and finally you are almost there,1:05 / 7:48
-g88odXOrHA,English (auto-generated),work for something all your life and finally you are almost there,1:06 / 7:48
-g88odXOrHA,English (auto-generated),work for something all your life and finally you are almost there,1:07 / 7:48
-g88odXOrHA,English (auto-generated),work for something all your life and finally you are almost there,1:08 / 7:48
-g88odXOrHA,English (auto-generated),work for something all your life and finally you are almost there,1:09 / 7:48
-g88odXOrHA,English (auto-generated),work for something all your life and finally you are almost there,1:10 / 7:48
-g88odXOrHA,English (auto-generated),work for something all your life and finally you are almost there amazing,1:11 / 7:48
-g88odXOrHA,English (auto-generated),work for something all your life and finally you are almost there amazing,1:12 / 7:48
-g88odXOrHA,English (auto-generated),work for something all your life and finally you are almost there amazing,1:13 / 7:48
-g88odXOrHA,English (auto-generated),,1:14 / 7:48
-g88odXOrHA,English (auto-generated),i'm just a,1:14 / 7:48
-g88odXOrHA,English (auto-generated),i'm just a really smart fighter,1:15 / 7:48
-g88odXOrHA,English (auto-generated),i'm just a really smart fighter you know because,1:16 / 7:48
-g88odXOrHA,English (auto-generated),i'm just a really smart fighter you know because i i,1:16 / 7:48
-g88odXOrHA,English (auto-generated),i'm just a really smart fighter you know because i i read the fight,1:17 / 7:48
-g88odXOrHA,English (auto-generated),i'm just a really smart fighter you know because i i read the fight i,1:17 / 7:48
-g88odXOrHA,English (auto-generated),because i i read the fight i i react,1:18 / 7:48
-g88odXOrHA,English (auto-generated),because i i read the fight i i react for everything,1:19 / 7:48
-g88odXOrHA,English (auto-generated),because i i read the fight i i react for everything that's happened,1:19 / 7:48
-g88odXOrHA,English (auto-generated),i react for everything that's happened in in the,1:20 / 7:48
-g88odXOrHA,English (auto-generated),i react for everything that's happened in in the fight and,1:21 / 7:48
-g88odXOrHA,English (auto-generated),i react for everything that's happened in in the fight and he,1:21 / 7:48
-g88odXOrHA,English (auto-generated),in in the fight and he he think,1:22 / 7:48
-g88odXOrHA,English (auto-generated),in in the fight and he he think that he know,1:22 / 7:48
-g88odXOrHA,English (auto-generated),in in the fight and he he think that he know me but,1:23 / 7:48
-g88odXOrHA,English (auto-generated),he he think that he know me but in the fight he,1:24 / 7:48
-g88odXOrHA,English (auto-generated),he he think that he know me but in the fight he feels completely,1:24 / 7:48
-g88odXOrHA,English (auto-generated),he he think that he know me but in the fight he feels completely different what,1:25 / 7:48
-g88odXOrHA,English (auto-generated),fight he feels completely different what he thinks that,1:25 / 7:48
-g88odXOrHA,English (auto-generated),fight he feels completely different what he thinks that he knows,1:26 / 7:48
-g88odXOrHA,English (auto-generated),he thinks that he knows and that's gonna,1:27 / 7:48
-g88odXOrHA,English (auto-generated),he thinks that he knows and that's gonna be the worst,1:27 / 7:48
-g88odXOrHA,English (auto-generated),he thinks that he knows and that's gonna be the worst,1:28 / 7:48
-g88odXOrHA,English (auto-generated),he thinks that he knows and that's gonna be the worst,1:29 / 7:48
-g88odXOrHA,English (auto-generated),he thinks that he knows and that's gonna be the worst,1:30 / 7:48
-g88odXOrHA,English (auto-generated),he thinks that he knows and that's gonna be the worst,1:31 / 7:48
-g88odXOrHA,English (auto-generated),he thinks that he knows and that's gonna be the worst,1:32 / 7:48
-g88odXOrHA,English (auto-generated),he thinks that he knows and that's gonna be the worst,1:33 / 7:48
-g88odXOrHA,English (auto-generated),he thinks that he knows and that's gonna be the worst,1:34 / 7:48
-g88odXOrHA,English (auto-generated),he thinks that he knows and that's gonna be the worst,1:35 / 7:48
-g88odXOrHA,English (auto-generated),he thinks that he knows and that's gonna be the worst,1:36 / 7:48
-g88odXOrHA,English (auto-generated),he thinks that he knows and that's gonna be the worst,1:37 / 7:48
-g88odXOrHA,English (auto-generated),he thinks that he knows and that's gonna be the worst,1:38 / 7:48
-g88odXOrHA,English (auto-generated),he thinks that he knows and that's gonna be the worst problem,1:39 / 7:48
-g88odXOrHA,English (auto-generated),he thinks that he knows and that's gonna be the worst problem,1:40 / 7:48
-g88odXOrHA,English (auto-generated),he thinks that he knows and that's gonna be the worst problem coming,1:40 / 7:48
-g88odXOrHA,English (auto-generated),and that's gonna be the worst problem coming out here,1:41 / 7:48
-g88odXOrHA,English (auto-generated),and that's gonna be the worst problem coming out here opportunity's,1:42 / 7:48
-g88odXOrHA,English (auto-generated),and that's gonna be the worst problem coming out here opportunity's amazing,1:42 / 7:48
-g88odXOrHA,English (auto-generated),coming out here opportunity's amazing to be able to get,1:43 / 7:48
-g88odXOrHA,English (auto-generated),coming out here opportunity's amazing to be able to get a quick turnaround,1:43 / 7:48
-g88odXOrHA,English (auto-generated),coming out here opportunity's amazing to be able to get a quick turnaround fight on,1:44 / 7:48
-g88odXOrHA,English (auto-generated),be able to get a quick turnaround fight on fight island,1:45 / 7:48
-g88odXOrHA,English (auto-generated),on fight island just my,1:45 / 7:48
-g88odXOrHA,English (auto-generated),on fight island just my career i feel,1:46 / 7:48
-g88odXOrHA,English (auto-generated),on fight island just my career i feel like it's starting,1:46 / 7:48
-g88odXOrHA,English (auto-generated),just my career i feel like it's starting to really pick,1:47 / 7:48
-g88odXOrHA,English (auto-generated),just my career i feel like it's starting to really pick up and getting them,1:48 / 7:48
-g88odXOrHA,English (auto-generated),to really pick up and getting them quick fights like,1:48 / 7:48
-g88odXOrHA,English (auto-generated),to really pick up and getting them quick fights like i've been asking,1:49 / 7:48
-g88odXOrHA,English (auto-generated),to really pick up and getting them quick fights like i've been asking so,1:49 / 7:48
-g88odXOrHA,English (auto-generated),fights like i've been asking so just chatting,1:50 / 7:48
-g88odXOrHA,English (auto-generated),fights like i've been asking so just chatting with how,1:51 / 7:48
-g88odXOrHA,English (auto-generated),fights like i've been asking so just chatting with how dope it is,1:51 / 7:48
-g88odXOrHA,English (auto-generated),fights like i've been asking so just chatting with how dope it is to be on,1:52 / 7:48
-g88odXOrHA,English (auto-generated),just chatting with how dope it is to be on the other side of the world,1:52 / 7:48
-g88odXOrHA,English (auto-generated),just chatting with how dope it is to be on the other side of the world doing what,1:53 / 7:48
-g88odXOrHA,English (auto-generated),on the other side of the world doing what,1:54 / 7:48
-g88odXOrHA,English (auto-generated),what i do best,1:54 / 7:48
-g88odXOrHA,English (auto-generated),what i do best doing what,1:55 / 7:48
-g88odXOrHA,English (auto-generated),what i do best doing what i love,1:55 / 7:48
-g88odXOrHA,English (auto-generated),what i do best doing what i love this,1:56 / 7:48
-g88odXOrHA,English (auto-generated),i do best doing what i love this definitely feels,1:57 / 7:48
-g88odXOrHA,English (auto-generated),i do best doing what i love this definitely feels as crazy,1:57 / 7:48
-g88odXOrHA,English (auto-generated),i do best doing what i love this definitely feels as crazy as,1:58 / 7:48
-g88odXOrHA,English (auto-generated),i do best doing what i love this definitely feels as crazy as we,1:58 / 7:48
-g88odXOrHA,English (auto-generated),definitely feels as crazy as we thought it would be,1:59 / 7:48
-g88odXOrHA,English (auto-generated),definitely feels as crazy as we thought it would be to,2:00 / 7:48
-g88odXOrHA,English (auto-generated),definitely feels as crazy as we thought it would be to just say i'm doing,2:00 / 7:48
-g88odXOrHA,English (auto-generated),we thought it would be to just say i'm doing it we're doing,2:01 / 7:48
-g88odXOrHA,English (auto-generated),we thought it would be to just say i'm doing it we're doing it i'm doing,2:01 / 7:48
-g88odXOrHA,English (auto-generated),we thought it would be to just say i'm doing it we're doing it i'm doing it,2:02 / 7:48
-g88odXOrHA,English (auto-generated),we thought it would be to just say i'm doing it we're doing it i'm doing it,2:03 / 7:48
-g88odXOrHA,English (auto-generated),doing it we're doing it i'm doing it like how sort,2:03 / 7:48
-g88odXOrHA,English (auto-generated),doing it we're doing it i'm doing it like how sort of notice that,2:04 / 7:48
-g88odXOrHA,English (auto-generated),doing it we're doing it i'm doing it like how sort of notice that was you're,2:04 / 7:48
-g88odXOrHA,English (auto-generated),like how sort of notice that was you're like ryan you,2:05 / 7:48
-g88odXOrHA,English (auto-generated),like how sort of notice that was you're like ryan you have an hour,2:06 / 7:48
-g88odXOrHA,English (auto-generated),like how sort of notice that was you're like ryan you have an hour to say yes,2:06 / 7:48
-g88odXOrHA,English (auto-generated),like ryan you have an hour to say yes to get on,2:07 / 7:48
-g88odXOrHA,English (auto-generated),like ryan you have an hour to say yes to get on the flight i'm like,2:07 / 7:48
-g88odXOrHA,English (auto-generated),to get on the flight i'm like all right hang on one,2:08 / 7:48
-g88odXOrHA,English (auto-generated),to get on the flight i'm like all right hang on one second,2:09 / 7:48
-g88odXOrHA,English (auto-generated),to get on the flight i'm like all right hang on one second hang,2:09 / 7:48
-g88odXOrHA,English (auto-generated),to get on the flight i'm like all right hang on one second hang,2:10 / 7:48
-g88odXOrHA,English (auto-generated),to get on the flight i'm like all right hang on one second hang,2:11 / 7:48
-g88odXOrHA,English (auto-generated),to get on the flight i'm like all right hang on one second hang,2:12 / 7:48
-g88odXOrHA,English (auto-generated),to get on the flight i'm like all right hang on one second hang,2:13 / 7:48
-g88odXOrHA,English (auto-generated),to get on the flight i'm like all right hang on one second hang,2:14 / 7:48
-g88odXOrHA,English (auto-generated),to get on the flight i'm like all right hang on one second hang,2:15 / 7:48
-g88odXOrHA,English (auto-generated),to get on the flight i'm like all right hang on one second hang,2:16 / 7:48
-g88odXOrHA,English (auto-generated),to get on the flight i'm like all right hang on one second hang,2:17 / 7:48
-g88odXOrHA,English (auto-generated),to get on the flight i'm like all right hang on one second hang,2:18 / 7:48
-g88odXOrHA,English (auto-generated),to get on the flight i'm like all right hang on one second hang,2:19 / 7:48
-g88odXOrHA,English (auto-generated),to get on the flight i'm like all right hang on one second hang,2:20 / 7:48
-g88odXOrHA,English (auto-generated),to get on the flight i'm like all right hang on one second hang on,2:21 / 7:48
-g88odXOrHA,English (auto-generated),to get on the flight i'm like all right hang on one second hang on,2:22 / 7:48
-g88odXOrHA,English (auto-generated),to get on the flight i'm like all right hang on one second hang on,2:23 / 7:48
-g88odXOrHA,English (auto-generated),,2:24 / 7:48
-g88odXOrHA,English (auto-generated),this is life,2:24 / 7:48
-g88odXOrHA,English (auto-generated),this is life good here,2:25 / 7:48
-g88odXOrHA,English (auto-generated),this is life good here,2:26 / 7:48
-g88odXOrHA,English (auto-generated),this is life good here no more,2:27 / 7:48
-g88odXOrHA,English (auto-generated),this is life good here no more sitting in the room,2:27 / 7:48
-g88odXOrHA,English (auto-generated),this is life good here no more sitting in the room,2:28 / 7:48
-g88odXOrHA,English (auto-generated),this is life good here no more sitting in the room,2:29 / 7:48
-g88odXOrHA,English (auto-generated),training,2:30 / 7:48
-g88odXOrHA,English (auto-generated),training dawn,2:30 / 7:48
-g88odXOrHA,English (auto-generated),training dawn now,2:31 / 7:48
-g88odXOrHA,English (auto-generated),training dawn now relax,2:31 / 7:48
-g88odXOrHA,English (auto-generated),training dawn now relax,2:32 / 7:48
-g88odXOrHA,English (auto-generated),training dawn now relax,2:33 / 7:48
-g88odXOrHA,English (auto-generated),training dawn now relax [Music],2:33 / 7:48
-g88odXOrHA,English (auto-generated),training dawn now relax [Music],2:34 / 7:48
-g88odXOrHA,English (auto-generated),[Music] enjoy,2:34 / 7:48
-g88odXOrHA,English (auto-generated),[Music] enjoy the fight week,2:35 / 7:48
-g88odXOrHA,English (auto-generated),[Music] enjoy the fight week,2:36 / 7:48
-g88odXOrHA,English (auto-generated),[Music] enjoy the fight week,2:37 / 7:48
-g88odXOrHA,English (auto-generated),,2:37 / 7:48
-g88odXOrHA,English (auto-generated),,2:38 / 7:48
-g88odXOrHA,English (auto-generated),,2:39 / 7:48
-g88odXOrHA,English (auto-generated),,2:40 / 7:48
-g88odXOrHA,English (auto-generated),,2:41 / 7:48
-g88odXOrHA,English (auto-generated),,2:42 / 7:48
-g88odXOrHA,English (auto-generated),i need,2:43 / 7:48
-g88odXOrHA,English (auto-generated),i need to shave,2:43 / 7:48
-g88odXOrHA,English (auto-generated),i need to shave my,2:44 / 7:48
-g88odXOrHA,English (auto-generated),i need to shave my,2:45 / 7:48
-g88odXOrHA,English (auto-generated),i need to shave my,2:46 / 7:48
-g88odXOrHA,English (auto-generated),i need to shave my,2:47 / 7:48
-g88odXOrHA,English (auto-generated),i need to shave my,2:48 / 7:48
-g88odXOrHA,English (auto-generated),i need to shave my chest,2:49 / 7:48
-g88odXOrHA,English (auto-generated),i need to shave my chest i,2:50 / 7:48
-g88odXOrHA,English (auto-generated),i need to shave my chest i think i'm gonna,2:51 / 7:48
-g88odXOrHA,English (auto-generated),i need to shave my chest i think i'm gonna see him,2:51 / 7:48
-g88odXOrHA,English (auto-generated),i need to shave my chest i think i'm gonna see him in,2:52 / 7:48
-g88odXOrHA,English (auto-generated),i need to shave my chest i think i'm gonna see him in thursday in,2:52 / 7:48
-g88odXOrHA,English (auto-generated),i think i'm gonna see him in thursday in face off,2:53 / 7:48
-g88odXOrHA,English (auto-generated),face off we'll see,2:54 / 7:48
-g88odXOrHA,English (auto-generated),face off we'll see but,2:55 / 7:48
-g88odXOrHA,English (auto-generated),face off we'll see but anyway i'm gonna,2:55 / 7:48
-g88odXOrHA,English (auto-generated),face off we'll see but anyway i'm gonna see him in,2:56 / 7:48
-g88odXOrHA,English (auto-generated),we'll see but anyway i'm gonna see him in saturday,2:57 / 7:48
-g88odXOrHA,English (auto-generated),we'll see but anyway i'm gonna see him in saturday,2:58 / 7:48
-g88odXOrHA,English (auto-generated),we'll see but anyway i'm gonna see him in saturday this,2:58 / 7:48
-g88odXOrHA,English (auto-generated),in saturday this is an important,2:59 / 7:48
-g88odXOrHA,English (auto-generated),in saturday this is an important day,3:00 / 7:48
-g88odXOrHA,English (auto-generated),in saturday this is an important day and,3:01 / 7:48
-g88odXOrHA,English (auto-generated),in saturday this is an important day and i saw him you know,3:01 / 7:48
-g88odXOrHA,English (auto-generated),this is an important day and i saw him you know,3:02 / 7:48
-g88odXOrHA,English (auto-generated),this is an important day and i saw him you know all the,3:03 / 7:48
-g88odXOrHA,English (auto-generated),you know all the time in my mind,3:03 / 7:48
-g88odXOrHA,English (auto-generated),you know all the time in my mind,3:04 / 7:48
-g88odXOrHA,English (auto-generated),you know all the time in my mind sometimes,3:05 / 7:48
-g88odXOrHA,English (auto-generated),you know all the time in my mind sometimes your mind,3:06 / 7:48
-g88odXOrHA,English (auto-generated),all the time in my mind sometimes your mind also need to,3:06 / 7:48
-g88odXOrHA,English (auto-generated),all the time in my mind sometimes your mind also need to rest don't think,3:07 / 7:48
-g88odXOrHA,English (auto-generated),mind also need to rest don't think about the fight,3:07 / 7:48
-g88odXOrHA,English (auto-generated),mind also need to rest don't think about the fight but about the training,3:08 / 7:48
-g88odXOrHA,English (auto-generated),mind also need to rest don't think about the fight but about the training about your,3:09 / 7:48
-g88odXOrHA,English (auto-generated),the fight but about the training about your opponent,3:09 / 7:48
-g88odXOrHA,English (auto-generated),the fight but about the training about your opponent because,3:10 / 7:48
-g88odXOrHA,English (auto-generated),your opponent because you can,3:10 / 7:48
-g88odXOrHA,English (auto-generated),your opponent because you can be you know,3:11 / 7:48
-g88odXOrHA,English (auto-generated),your opponent because you can be you know you can,3:12 / 7:48
-g88odXOrHA,English (auto-generated),because you can be you know you can crazy a little,3:12 / 7:48
-g88odXOrHA,English (auto-generated),because you can be you know you can crazy a little bit,3:13 / 7:48
-g88odXOrHA,English (auto-generated),crazy a little bit that's why,3:13 / 7:48
-g88odXOrHA,English (auto-generated),crazy a little bit that's why i'm here right now,3:14 / 7:48
-g88odXOrHA,English (auto-generated),that's why i'm here right now in the pool too,3:15 / 7:48
-g88odXOrHA,English (auto-generated),that's why i'm here right now in the pool too you know,3:15 / 7:48
-g88odXOrHA,English (auto-generated),that's why i'm here right now in the pool too you know to clear my,3:16 / 7:48
-g88odXOrHA,English (auto-generated),that's why i'm here right now in the pool too you know to clear my mind,3:17 / 7:48
-g88odXOrHA,English (auto-generated),that's why i'm here right now in the pool too you know to clear my mind,3:18 / 7:48
-g88odXOrHA,English (auto-generated),that's why i'm here right now in the pool too you know to clear my mind,3:19 / 7:48
-g88odXOrHA,English (auto-generated),,3:20 / 7:48
-g88odXOrHA,English (auto-generated),,3:21 / 7:48
-g88odXOrHA,English (auto-generated),,3:22 / 7:48
-g88odXOrHA,English (auto-generated),,3:23 / 7:48
-g88odXOrHA,English (auto-generated),,3:24 / 7:48
-g88odXOrHA,English (auto-generated),,3:25 / 7:48
-g88odXOrHA,English (auto-generated),,3:26 / 7:48
-g88odXOrHA,English (auto-generated),[Applause],3:26 / 7:48
-g88odXOrHA,English (auto-generated),[Applause],3:27 / 7:48
-g88odXOrHA,English (auto-generated),[Applause],3:28 / 7:48
-g88odXOrHA,English (auto-generated),[Applause],3:29 / 7:48
-g88odXOrHA,English (auto-generated),,3:29 / 7:48
-g88odXOrHA,English (auto-generated),,3:30 / 7:48
-g88odXOrHA,English (auto-generated),,3:31 / 7:48
-g88odXOrHA,English (auto-generated),,3:32 / 7:48
-g88odXOrHA,English (auto-generated),,3:33 / 7:48
-g88odXOrHA,English (auto-generated),,3:34 / 7:48
-g88odXOrHA,English (auto-generated),,3:35 / 7:48
-g88odXOrHA,English (auto-generated),,3:36 / 7:48
-g88odXOrHA,English (auto-generated),,3:37 / 7:48
-g88odXOrHA,English (auto-generated),,3:38 / 7:48
-g88odXOrHA,English (auto-generated),,3:39 / 7:48
-g88odXOrHA,English (auto-generated),,3:40 / 7:48
-g88odXOrHA,English (auto-generated),,3:41 / 7:48
-g88odXOrHA,English (auto-generated),,3:42 / 7:48
-g88odXOrHA,English (auto-generated),,3:43 / 7:48
-g88odXOrHA,English (auto-generated),,3:44 / 7:48
-g88odXOrHA,English (auto-generated),goodness,3:45 / 7:48
-g88odXOrHA,English (auto-generated),goodness,3:46 / 7:48
-g88odXOrHA,English (auto-generated),goodness,3:47 / 7:48
-g88odXOrHA,English (auto-generated),,3:48 / 7:48
-g88odXOrHA,English (auto-generated),[Laughter],3:49 / 7:48
-g88odXOrHA,English (auto-generated),[Laughter],3:50 / 7:48
-g88odXOrHA,English (auto-generated),[Laughter],3:51 / 7:48
-g88odXOrHA,English (auto-generated),[Laughter],3:52 / 7:48
-g88odXOrHA,English (auto-generated),[Laughter],3:53 / 7:48
-g88odXOrHA,English (auto-generated),,3:53 / 7:48
-g88odXOrHA,English (auto-generated),,3:54 / 7:48
-g88odXOrHA,English (auto-generated),,3:55 / 7:48
-g88odXOrHA,English (auto-generated),,3:56 / 7:48
-g88odXOrHA,English (auto-generated),on the pads,3:57 / 7:48
-g88odXOrHA,English (auto-generated),on the pads you know,3:58 / 7:48
-g88odXOrHA,English (auto-generated),on the pads you know um,3:59 / 7:48
-g88odXOrHA,English (auto-generated),on the pads you know um he's one of these,3:59 / 7:48
-g88odXOrHA,English (auto-generated),on the pads you know um he's one of these men's,4:00 / 7:48
-g88odXOrHA,English (auto-generated),on the pads you know um he's one of these men's old-school,4:01 / 7:48
-g88odXOrHA,English (auto-generated),these men's old-school kickboxers,4:01 / 7:48
-g88odXOrHA,English (auto-generated),these men's old-school kickboxers and one,4:02 / 7:48
-g88odXOrHA,English (auto-generated),~~~ !!! ERROR IN PARSING !!! ~~~,4:02 / 7:48
-g88odXOrHA,English (auto-generated),old-school kickboxers and one of my trainers,4:03 / 7:48
-g88odXOrHA,English (auto-generated),old-school kickboxers and one of my trainers um,4:04 / 7:48
-g88odXOrHA,English (auto-generated),old-school kickboxers and one of my trainers um,4:05 / 7:48
-g88odXOrHA,English (auto-generated),trainers um and yeah,4:05 / 7:48
-g88odXOrHA,English (auto-generated),trainers um and yeah he's just,4:06 / 7:48
-g88odXOrHA,English (auto-generated),trainers um and yeah he's just getting the shakeout,4:07 / 7:48
-g88odXOrHA,English (auto-generated),trainers um and yeah he's just getting the shakeout,4:08 / 7:48
-g88odXOrHA,English (auto-generated),~~~ !!! ERROR IN PARSING !!! ~~~,4:09 / 7:48
-g88odXOrHA,English (auto-generated),and yeah he's just getting the shakeout he knew embedded,4:09 / 7:48
-g88odXOrHA,English (auto-generated),and yeah he's just getting the shakeout he knew embedded was coming so,4:10 / 7:48
-g88odXOrHA,English (auto-generated),he knew embedded was coming so he had to get,4:11 / 7:48
-g88odXOrHA,English (auto-generated),he knew embedded was coming so he had to get shine a little,4:12 / 7:48
-g88odXOrHA,English (auto-generated),he knew embedded was coming so he had to get shine a little bit,4:12 / 7:48
-g88odXOrHA,English (auto-generated),he knew embedded was coming so he had to get shine a little bit the tree,4:13 / 7:48
-g88odXOrHA,English (auto-generated),he knew embedded was coming so he had to get shine a little bit the tree,4:14 / 7:48
-g88odXOrHA,English (auto-generated),he knew embedded was coming so he had to get shine a little bit the tree,4:15 / 7:48
-g88odXOrHA,English (auto-generated),,4:15 / 7:48
-g88odXOrHA,English (auto-generated),,4:16 / 7:48
-g88odXOrHA,English (auto-generated),,4:17 / 7:48
-g88odXOrHA,English (auto-generated),[Laughter],4:18 / 7:48
-g88odXOrHA,English (auto-generated),[Laughter],4:19 / 7:48
-g88odXOrHA,English (auto-generated),[Laughter],4:20 / 7:48
-g88odXOrHA,English (auto-generated),[Laughter],4:21 / 7:48
-g88odXOrHA,English (auto-generated),[Laughter],4:22 / 7:48
-g88odXOrHA,English (auto-generated),[Laughter],4:23 / 7:48
-g88odXOrHA,English (auto-generated),,4:24 / 7:48
-g88odXOrHA,English (auto-generated),,4:25 / 7:48
-g88odXOrHA,English (auto-generated),i might try,4:26 / 7:48
-g88odXOrHA,English (auto-generated),i might try it,4:27 / 7:48
-g88odXOrHA,English (auto-generated),i might try it,4:28 / 7:48
-g88odXOrHA,English (auto-generated),i might try it,4:29 / 7:48
-g88odXOrHA,English (auto-generated),,4:30 / 7:48
-g88odXOrHA,English (auto-generated),he needs,4:30 / 7:48
-g88odXOrHA,English (auto-generated),he needs to move,4:31 / 7:48
-g88odXOrHA,English (auto-generated),he needs to move he needs to train,4:32 / 7:48
-g88odXOrHA,English (auto-generated),he needs to move he needs to train he's one of those,4:32 / 7:48
-g88odXOrHA,English (auto-generated),he needs to move he needs to train he's one of those guys,4:33 / 7:48
-g88odXOrHA,English (auto-generated),he needs to move he needs to train he's one of those guys when he's,4:33 / 7:48
-g88odXOrHA,English (auto-generated),he needs to move he needs to train he's one of those guys when he's 75,4:34 / 7:48
-g88odXOrHA,English (auto-generated),one of those guys when he's 75 i won't be surprised,4:35 / 7:48
-g88odXOrHA,English (auto-generated),one of those guys when he's 75 i won't be surprised if he's still doing,4:35 / 7:48
-g88odXOrHA,English (auto-generated),one of those guys when he's 75 i won't be surprised if he's still doing this,4:36 / 7:48
-g88odXOrHA,English (auto-generated),be surprised if he's still doing this so,4:36 / 7:48
-g88odXOrHA,English (auto-generated),be surprised if he's still doing this so,4:37 / 7:48
-g88odXOrHA,English (auto-generated),be surprised if he's still doing this so yeah,4:38 / 7:48
-g88odXOrHA,English (auto-generated),be surprised if he's still doing this so yeah i'll,4:39 / 7:48
-g88odXOrHA,English (auto-generated),be surprised if he's still doing this so yeah i'll probably be in,4:39 / 7:48
-g88odXOrHA,English (auto-generated),be surprised if he's still doing this so yeah i'll probably be in the g when i'm,4:40 / 7:48
-g88odXOrHA,English (auto-generated),so yeah i'll probably be in the g when i'm like 75,4:41 / 7:48
-g88odXOrHA,English (auto-generated),so yeah i'll probably be in the g when i'm like 75 but,4:41 / 7:48
-g88odXOrHA,English (auto-generated),so yeah i'll probably be in the g when i'm like 75 but,4:42 / 7:48
-g88odXOrHA,English (auto-generated),i'm like 75 but maybe boxing,4:42 / 7:48
-g88odXOrHA,English (auto-generated),i'm like 75 but maybe boxing,4:43 / 7:48
-g88odXOrHA,English (auto-generated),i'm like 75 but maybe boxing maybe,4:44 / 7:48
-g88odXOrHA,English (auto-generated),i'm like 75 but maybe boxing maybe kicking,4:44 / 7:48
-g88odXOrHA,English (auto-generated),i'm like 75 but maybe boxing maybe kicking,4:45 / 7:48
-g88odXOrHA,English (auto-generated),i'm like 75 but maybe boxing maybe kicking see,4:46 / 7:48
-g88odXOrHA,English (auto-generated),maybe boxing maybe kicking see how i feel,4:47 / 7:48
-g88odXOrHA,English (auto-generated),maybe boxing maybe kicking see how i feel,4:48 / 7:48
-g88odXOrHA,English (auto-generated),,4:49 / 7:48
-g88odXOrHA,English (auto-generated),,4:50 / 7:48
-g88odXOrHA,English (auto-generated),,4:51 / 7:48
-g88odXOrHA,English (auto-generated),like i'm,4:51 / 7:48
-g88odXOrHA,English (auto-generated),like i'm,4:52 / 7:48
-g88odXOrHA,English (auto-generated),like i'm,4:53 / 7:48
-g88odXOrHA,English (auto-generated),like i'm,4:54 / 7:48
-g88odXOrHA,English (auto-generated),like i'm vaping,4:54 / 7:48
-g88odXOrHA,English (auto-generated),like i'm vaping,4:55 / 7:48
-g88odXOrHA,English (auto-generated),like i'm vaping,4:56 / 7:48
-g88odXOrHA,English (auto-generated),like i'm vaping,4:57 / 7:48
-g88odXOrHA,English (auto-generated),,4:57 / 7:48
-g88odXOrHA,English (auto-generated),,4:58 / 7:48
-g88odXOrHA,English (auto-generated),,4:59 / 7:48
-g88odXOrHA,English (auto-generated),,5:00 / 7:48
-g88odXOrHA,English (auto-generated),,5:01 / 7:48
-g88odXOrHA,English (auto-generated),,5:02 / 7:48
-g88odXOrHA,English (auto-generated),,5:03 / 7:48
-g88odXOrHA,English (auto-generated),,5:04 / 7:48
-g88odXOrHA,English (auto-generated),say,5:05 / 7:48
-g88odXOrHA,English (auto-generated),say dunk it,5:05 / 7:48
-g88odXOrHA,English (auto-generated),say dunk it,5:06 / 7:48
-g88odXOrHA,English (auto-generated),,5:07 / 7:48
-g88odXOrHA,English (auto-generated),,5:08 / 7:48
-g88odXOrHA,English (auto-generated),,5:09 / 7:48
-g88odXOrHA,English (auto-generated),i'm lining,5:10 / 7:48
-g88odXOrHA,English (auto-generated),i'm lining it up right,5:11 / 7:48
-g88odXOrHA,English (auto-generated),i'm lining it up right it's not putting enough,5:11 / 7:48
-g88odXOrHA,English (auto-generated),i'm lining it up right it's not putting enough power on,5:12 / 7:48
-g88odXOrHA,English (auto-generated),i'm lining it up right it's not putting enough power on it,5:12 / 7:48
-g88odXOrHA,English (auto-generated),i'm lining it up right it's not putting enough power on it every,5:13 / 7:48
-g88odXOrHA,English (auto-generated),i'm lining it up right it's not putting enough power on it every miss is five,5:14 / 7:48
-g88odXOrHA,English (auto-generated),enough power on it every miss is five push-ups,5:14 / 7:48
-g88odXOrHA,English (auto-generated),enough power on it every miss is five push-ups,5:15 / 7:48
-g88odXOrHA,English (auto-generated),enough power on it every miss is five push-ups,5:16 / 7:48
-g88odXOrHA,English (auto-generated),,5:17 / 7:48
-g88odXOrHA,English (auto-generated),,5:18 / 7:48
-g88odXOrHA,English (auto-generated),,5:19 / 7:48
-g88odXOrHA,English (auto-generated),,5:20 / 7:48
-g88odXOrHA,English (auto-generated),no,5:20 / 7:48
-g88odXOrHA,English (auto-generated),no recording no,5:21 / 7:48
-g88odXOrHA,English (auto-generated),no recording no,5:22 / 7:48
-g88odXOrHA,English (auto-generated),no recording no recording,5:23 / 7:48
-g88odXOrHA,English (auto-generated),no recording no recording,5:24 / 7:48
-g88odXOrHA,English (auto-generated),no recording no recording,5:25 / 7:48
-g88odXOrHA,English (auto-generated),,5:26 / 7:48
-g88odXOrHA,English (auto-generated),,5:27 / 7:48
-g88odXOrHA,English (auto-generated),,5:28 / 7:48
-g88odXOrHA,English (auto-generated),,5:29 / 7:48
-g88odXOrHA,English (auto-generated),,5:30 / 7:48
-g88odXOrHA,English (auto-generated),,5:31 / 7:48
-g88odXOrHA,English (auto-generated),,5:32 / 7:48
-g88odXOrHA,English (auto-generated),,5:33 / 7:48
-g88odXOrHA,English (auto-generated),,5:34 / 7:48
-g88odXOrHA,English (auto-generated),,5:35 / 7:48
-g88odXOrHA,English (auto-generated),as you can,5:35 / 7:48
-g88odXOrHA,English (auto-generated),as you can see we,5:36 / 7:48
-g88odXOrHA,English (auto-generated),as you can see we normally do,5:36 / 7:48
-g88odXOrHA,English (auto-generated),as you can see we normally do not play,5:37 / 7:48
-g88odXOrHA,English (auto-generated),as you can see we normally do not play basketball,5:38 / 7:48
-g88odXOrHA,English (auto-generated),as you can see we normally do not play basketball before fights,5:38 / 7:48
-g88odXOrHA,English (auto-generated),as you can see we normally do not play basketball before fights,5:39 / 7:48
-g88odXOrHA,English (auto-generated),as you can see we normally do not play basketball before fights or,5:40 / 7:48
-g88odXOrHA,English (auto-generated),basketball before fights or even after,5:41 / 7:48
-g88odXOrHA,English (auto-generated),basketball before fights or even after fighting,5:41 / 7:48
-g88odXOrHA,English (auto-generated),basketball before fights or even after fighting,5:42 / 7:48
-g88odXOrHA,English (auto-generated),basketball before fights or even after fighting,5:43 / 7:48
-g88odXOrHA,English (auto-generated),or even after fighting forever,5:44 / 7:48
-g88odXOrHA,English (auto-generated),or even after fighting forever really,5:44 / 7:48
-g88odXOrHA,English (auto-generated),or even after fighting forever really,5:45 / 7:48
-g88odXOrHA,English (auto-generated),or even after fighting forever really but we're having,5:46 / 7:48
-g88odXOrHA,English (auto-generated),forever really but we're having a good time,5:47 / 7:48
-g88odXOrHA,English (auto-generated),forever really but we're having a good time,5:48 / 7:48
-g88odXOrHA,English (auto-generated),time he's gonna throw,5:48 / 7:48
-g88odXOrHA,English (auto-generated),time he's gonna throw it super,5:49 / 7:48
-g88odXOrHA,English (auto-generated),time he's gonna throw it super,5:50 / 7:48
-g88odXOrHA,English (auto-generated),time he's gonna throw it super hard,5:51 / 7:48
-g88odXOrHA,English (auto-generated),time he's gonna throw it super hard,5:52 / 7:48
-g88odXOrHA,English (auto-generated),time he's gonna throw it super hard,5:53 / 7:48
-g88odXOrHA,English (auto-generated),,5:54 / 7:48
-g88odXOrHA,English (auto-generated),,5:55 / 7:48
-g88odXOrHA,English (auto-generated),,5:56 / 7:48
-g88odXOrHA,English (auto-generated),,5:57 / 7:48
-g88odXOrHA,English (auto-generated),,5:58 / 7:48
-g88odXOrHA,English (auto-generated),,5:59 / 7:48
-g88odXOrHA,English (auto-generated),,6:00 / 7:48
-g88odXOrHA,English (auto-generated),who,6:01 / 7:48
-g88odXOrHA,English (auto-generated),who hasn't made,6:01 / 7:48
-g88odXOrHA,English (auto-generated),who hasn't made,6:02 / 7:48
-g88odXOrHA,English (auto-generated),who hasn't made,6:03 / 7:48
-g88odXOrHA,English (auto-generated),who hasn't made,6:04 / 7:48
-g88odXOrHA,English (auto-generated),who hasn't made it,6:05 / 7:48
-g88odXOrHA,English (auto-generated),who hasn't made it,6:06 / 7:48
-g88odXOrHA,English (auto-generated),who hasn't made it,6:07 / 7:48
-g88odXOrHA,English (auto-generated),,6:08 / 7:48
-g88odXOrHA,English (auto-generated),,6:09 / 7:48
-g88odXOrHA,English (auto-generated),,6:10 / 7:48
-g88odXOrHA,English (auto-generated),,6:11 / 7:48
-g88odXOrHA,English (auto-generated),definitely human,6:12 / 7:48
-g88odXOrHA,English (auto-generated),definitely human as heck,6:13 / 7:48
-g88odXOrHA,English (auto-generated),definitely human as heck out here,6:13 / 7:48
-g88odXOrHA,English (auto-generated),definitely human as heck out here luckily,6:14 / 7:48
-g88odXOrHA,English (auto-generated),definitely human as heck out here luckily for,6:14 / 7:48
-g88odXOrHA,English (auto-generated),definitely human as heck out here luckily for,6:15 / 7:48
-g88odXOrHA,English (auto-generated),definitely human as heck out here luckily for,6:16 / 7:48
-g88odXOrHA,English (auto-generated),definitely human as heck out here luckily for,6:17 / 7:48
-g88odXOrHA,English (auto-generated),definitely human as heck out here luckily for,6:18 / 7:48
-g88odXOrHA,English (auto-generated),definitely human as heck out here luckily for us,6:19 / 7:48
-g88odXOrHA,English (auto-generated),definitely human as heck out here luckily for us,6:20 / 7:48
-g88odXOrHA,English (auto-generated),definitely human as heck out here luckily for us,6:21 / 7:48
-g88odXOrHA,English (auto-generated),,6:22 / 7:48
-g88odXOrHA,English (auto-generated),,6:23 / 7:48
-g88odXOrHA,English (auto-generated),,6:24 / 7:48
-g88odXOrHA,English (auto-generated),,6:25 / 7:48
-g88odXOrHA,English (auto-generated),[Applause],6:25 / 7:48
-g88odXOrHA,English (auto-generated),[Applause],6:26 / 7:48
-g88odXOrHA,English (auto-generated),[Applause],6:27 / 7:48
-g88odXOrHA,English (auto-generated),[Applause],6:28 / 7:48
-g88odXOrHA,English (auto-generated),,6:28 / 7:48
-g88odXOrHA,English (auto-generated),,6:29 / 7:48
-g88odXOrHA,English (auto-generated),,6:30 / 7:48
-g88odXOrHA,English (auto-generated),,6:31 / 7:48
-g88odXOrHA,English (auto-generated),oh it's,6:32 / 7:48
-g88odXOrHA,English (auto-generated),oh it's freaking,6:32 / 7:48
-g88odXOrHA,English (auto-generated),oh it's freaking,6:33 / 7:48
-g88odXOrHA,English (auto-generated),oh it's freaking [Music],6:34 / 7:48
-g88odXOrHA,English (auto-generated),oh it's freaking [Music],6:35 / 7:48
-g88odXOrHA,English (auto-generated),oh it's freaking [Music],6:36 / 7:48
-g88odXOrHA,English (auto-generated),oh it's freaking [Music],6:37 / 7:48
-g88odXOrHA,English (auto-generated),,6:37 / 7:48
-g88odXOrHA,English (auto-generated),,6:38 / 7:48
-g88odXOrHA,English (auto-generated),[Applause],6:38 / 7:48
-g88odXOrHA,English (auto-generated),[Applause],6:39 / 7:48
-g88odXOrHA,English (auto-generated),[Applause],6:40 / 7:48
-g88odXOrHA,English (auto-generated),[Applause],6:41 / 7:48
-g88odXOrHA,English (auto-generated),[Applause],6:42 / 7:48
-g88odXOrHA,English (auto-generated),,6:43 / 7:48
-g88odXOrHA,English (auto-generated),it didn't,6:43 / 7:48
-g88odXOrHA,English (auto-generated),it didn't,6:44 / 7:48
-g88odXOrHA,English (auto-generated),it didn't,6:45 / 7:48
-g88odXOrHA,English (auto-generated),it didn't,6:46 / 7:48
-g88odXOrHA,English (auto-generated),it didn't happen,6:47 / 7:48
-g88odXOrHA,English (auto-generated),it didn't happen,6:48 / 7:48
-g88odXOrHA,English (auto-generated),it didn't happen,6:49 / 7:48
-g88odXOrHA,English (auto-generated),,6:50 / 7:48
-g88odXOrHA,English (auto-generated),,6:51 / 7:48
-g88odXOrHA,English (auto-generated),fighting's,6:51 / 7:48
-g88odXOrHA,English (auto-generated),fighting's really taking,6:52 / 7:48
-g88odXOrHA,English (auto-generated),fighting's really taking me all over the,6:52 / 7:48
-g88odXOrHA,English (auto-generated),fighting's really taking me all over the world you know,6:53 / 7:48
-g88odXOrHA,English (auto-generated),fighting's really taking me all over the world you know,6:54 / 7:48
-g88odXOrHA,English (auto-generated),fighting's really taking me all over the world you know fighting's,6:54 / 7:48
-g88odXOrHA,English (auto-generated),world you know fighting's afforded,6:55 / 7:48
-g88odXOrHA,English (auto-generated),world you know fighting's afforded me the opportunity,6:55 / 7:48
-g88odXOrHA,English (auto-generated),world you know fighting's afforded me the opportunity to be here,6:56 / 7:48
-g88odXOrHA,English (auto-generated),afforded me the opportunity to be here to be in,6:57 / 7:48
-g88odXOrHA,English (auto-generated),afforded me the opportunity to be here to be in china to be,6:57 / 7:48
-g88odXOrHA,English (auto-generated),afforded me the opportunity to be here to be in china to be in,6:58 / 7:48
-g88odXOrHA,English (auto-generated),to be in china to be in chile like,6:58 / 7:48
-g88odXOrHA,English (auto-generated),to be in china to be in chile like this,6:59 / 7:48
-g88odXOrHA,English (auto-generated),to be in china to be in chile like this is just the beginning,7:00 / 7:48
-g88odXOrHA,English (auto-generated),in chile like this is just the beginning man,7:01 / 7:48
-g88odXOrHA,English (auto-generated),man we're here for,7:02 / 7:48
-g88odXOrHA,English (auto-generated),man we're here for business obviously,7:03 / 7:48
-g88odXOrHA,English (auto-generated),we're here for business obviously i'm not here,7:04 / 7:48
-g88odXOrHA,English (auto-generated),we're here for business obviously i'm not here it's not a vacation,7:04 / 7:48
-g88odXOrHA,English (auto-generated),we're here for business obviously i'm not here it's not a vacation,7:05 / 7:48
-g88odXOrHA,English (auto-generated),not here it's not a vacation but it still,7:06 / 7:48
-g88odXOrHA,English (auto-generated),not here it's not a vacation but it still kind of feels,7:06 / 7:48
-g88odXOrHA,English (auto-generated),not here it's not a vacation but it still kind of feels that way i,7:07 / 7:48
-g88odXOrHA,English (auto-generated),but it still kind of feels that way i don't know,7:07 / 7:48
-g88odXOrHA,English (auto-generated),but it still kind of feels that way i don't know that way,7:08 / 7:48
-g88odXOrHA,English (auto-generated),but it still kind of feels that way i don't know that way,7:09 / 7:48
-g88odXOrHA,English (auto-generated),don't know that way i'm never up,7:09 / 7:48
-g88odXOrHA,English (auto-generated),don't know that way i'm never up at this time,7:10 / 7:48
-g88odXOrHA,English (auto-generated),don't know that way i'm never up at this time ever,7:10 / 7:48
-g88odXOrHA,English (auto-generated),don't know that way i'm never up at this time ever it's,7:11 / 7:48
-g88odXOrHA,English (auto-generated),i'm never up at this time ever it's really beautiful,7:12 / 7:48
-g88odXOrHA,English (auto-generated),i'm never up at this time ever it's really beautiful,7:13 / 7:48
-g88odXOrHA,English (auto-generated),really beautiful super serene,7:13 / 7:48
-g88odXOrHA,English (auto-generated),really beautiful super serene,7:14 / 7:48
-g88odXOrHA,English (auto-generated),really beautiful super serene super,7:15 / 7:48
-g88odXOrHA,English (auto-generated),really beautiful super serene super quiet,7:15 / 7:48
-g88odXOrHA,English (auto-generated),~~~ !!! ERROR IN PARSING !!! ~~~,7:16 / 7:48
-g88odXOrHA,English (auto-generated),right here yeah,7:16 / 7:48
-g88odXOrHA,English (auto-generated),right here yeah that's,7:17 / 7:48
-g88odXOrHA,English (auto-generated),right here yeah that's it,7:18 / 7:48
-g88odXOrHA,English (auto-generated),right here yeah that's it it's,7:18 / 7:48
-g88odXOrHA,English (auto-generated),right here yeah that's it it's just super,7:19 / 7:48
-g88odXOrHA,English (auto-generated),right here yeah that's it it's just super special,7:19 / 7:48
-g88odXOrHA,English (auto-generated),yeah that's it it's just super special it's like a special,7:20 / 7:48
-g88odXOrHA,English (auto-generated),yeah that's it it's just super special it's like a special time a,7:21 / 7:48
-g88odXOrHA,English (auto-generated),yeah that's it it's just super special it's like a special time a special,7:21 / 7:48
-g88odXOrHA,English (auto-generated),yeah that's it it's just super special it's like a special time a special,7:22 / 7:48
-g88odXOrHA,English (auto-generated),it's like a special time a special special event,7:22 / 7:48
-g88odXOrHA,English (auto-generated),it's like a special time a special special event special,7:23 / 7:48
-g88odXOrHA,English (auto-generated),it's like a special time a special special event special island,7:24 / 7:48
-g88odXOrHA,English (auto-generated),special event special island like everything,7:24 / 7:48
-g88odXOrHA,English (auto-generated),special event special island like everything is special about,7:25 / 7:48
-g88odXOrHA,English (auto-generated),everything is special about this and,7:25 / 7:48
-g88odXOrHA,English (auto-generated),everything is special about this and i'm,7:26 / 7:48
-g88odXOrHA,English (auto-generated),everything is special about this and i'm a special fighter,7:27 / 7:48
-g88odXOrHA,English (auto-generated),everything is special about this and i'm a special fighter and i'm about,7:27 / 7:48
-g88odXOrHA,English (auto-generated),and i'm a special fighter and i'm about to become champion,7:28 / 7:48
-g88odXOrHA,English (auto-generated),~~~ !!! ERROR IN PARSING !!! ~~~,7:29 / 7:48
-g88odXOrHA,English (auto-generated),to become champion so,7:29 / 7:48
-g88odXOrHA,English (auto-generated),to become champion so this,7:30 / 7:48
-g88odXOrHA,English (auto-generated),to become champion so this is,7:30 / 7:48
-g88odXOrHA,English (auto-generated),to become champion so this is,7:31 / 7:48
-g88odXOrHA,English (auto-generated),to become champion so this is it's all fitting,7:32 / 7:48
-g88odXOrHA,English (auto-generated),so this is it's all fitting it all,7:32 / 7:48
-g88odXOrHA,English (auto-generated),so this is it's all fitting it all,7:33 / 7:48
-g88odXOrHA,English (auto-generated),so this is it's all fitting it all,7:34 / 7:48
-g88odXOrHA,English (auto-generated),so this is it's all fitting it all,7:35 / 7:48
-g88odXOrHA,English (auto-generated),so this is it's all fitting it all,7:36 / 7:48
-g88odXOrHA,English (auto-generated),so this is it's all fitting it all,7:37 / 7:48
-g88odXOrHA,English (auto-generated),so this is it's all fitting it all,7:38 / 7:48
-g88odXOrHA,English (auto-generated),so this is it's all fitting it all,7:39 / 7:48
-g88odXOrHA,English (auto-generated),so this is it's all fitting it all,7:40 / 7:48
-g88odXOrHA,English (auto-generated),so this is it's all fitting it all,7:41 / 7:48
-g88odXOrHA,English (auto-generated),so this is it's all fitting it all,7:42 / 7:48
-g88odXOrHA,English (auto-generated),so this is it's all fitting it all fits,7:42 / 7:48
-g88odXOrHA,English (auto-generated),so this is it's all fitting it all fits,7:43 / 7:48
-g88odXOrHA,English (auto-generated),so this is it's all fitting it all fits,7:44 / 7:48
-g88odXOrHA,English (auto-generated),so this is it's all fitting it all fits,7:45 / 7:48
-g88odXOrHA,English (auto-generated),,7:46 / 7:48
-g88odXOrHA,English (auto-generated),,7:47 / 7:48
-g88odXOrHA,English (auto-generated),,7:48 / 7:48
